ud_kodea,poblacion,territorio,CPRO,MUN,CMUN,TAMAÑOMUN_INE,TOTAL,LenguaHabitualEuskera,LenguaHabitualCastellano,LenguaHabitualAmbas,LenguaHabitualOtras,LengHabitual_Eus,LengHabitual_Cas,LengHabitual_Ambas,LengHabitual_Otras,LengHabitual_Euskera.Ambas,puestos_normativa_per,puestos_practica_per,PL_Acreditado,Total,Euskaldunes,Eus_Alf,Eus_ParcialAlf,Eus_NoAlf,CuasiEus,CuasiEus_Alf,CuasiEus_NoAlf,CuasiEus_Pasivos,Erdaldunes,Euskaldunes.Alfabetizados,Euskaldunes.Orales.Ágrafos,Euskaldunes.Ulermendun.Belarriprest,Erdaldunes.1,CMUN_char,CPRO_char,habitual_euskera,habitual_solo_euskera,habitual_ambas,habitual_euskera_per,tamaño
48001,7527,BIZKAIA,48,Abadiño,1,7.618,7.527,1704,4461,1209,153,"22,64","59,27","16,06","2,03","38,70",62.26,100,"56,70",7.314,4.093,3.495,403,195,1.296,885,191,220,1.925,47.79,8.18,17.72,26.32,001,48,2913,22.64,16.06,38.7,b. De 5.001 a 10.000
20001,320,GIPUZKOA,20,Abaltzisketa,1,312,320,278,31,10,1,"86,88","9,69","3,13","0,31","90,00",95.33,100,"80,00",309,292,245,41,6,5,3,-,2,12,79.29,15.21,1.62,3.88,001,20,288,86.88,3.12,90,c. Menos de 5.001
48002,9564,BIZKAIA,48,Abanto y Ciérvana-Abanto Zierbena,2,9.436,9.564,185,8577,668,134,"1,93","89,68","6,98","1,40","8,92",33.83,37.7,"34,50",9.361,2.851,2.492,216,143,2.044,1.398,242,404,4.466,26.62,3.84,21.84,47.71,002,48,853,1.93,6.98,8.92,b. De 5.001 a 10.000
20002,465,GIPUZKOA,20,Aduna,2,482,465,373,76,15,1,"80,22","16,34","3,23","0,22","83,44",88.17,100,"80,00",451,412,337,57,18,16,8,2,6,23,74.72,16.63,3.55,5.1,002,20,388,80.22,3.23,83.44,c. Menos de 5.001
01051,5207,ARABA,1,Agurain/Salvatierra,51,5.029,5.207,173,4290,456,288,"3,32","82,39","8,76","5,53","12,08",39.04,67.5,"62,90",4.993,1.656,1.41,167,79,977,655,139,183,2.36,28.24,4.93,19.57,47.27,051,01,629,3.32,8.76,12.08,b. De 5.001 a 10.000
20016,2057,GIPUZKOA,20,Aia,16,2.056,2.057,1519,346,154,38,"73,85","16,82","7,49","1,85","81,33",92.82,100,"73,30",1.988,1.746,1.536,146,64,119,80,24,15,123,77.26,10.56,5.99,6.19,016,20,1673,73.85,7.49,81.33,c. Menos de 5.001
20003,749,GIPUZKOA,20,Aizarnazabal,3,795,749,535,140,40,34,"71,43","18,69","5,34","4,54","76,77",90.22,100,"100,00",717,599,510,58,31,53,31,10,12,65,71.13,12.41,7.39,9.07,003,20,575,71.43,5.34,76.77,c. Menos de 5.001
48911,465,BIZKAIA,48,Ajangiz,911,483,465,302,81,79,3,"64,95","17,42","16,99","0,65","81,94",92.72,100,"50,00",454,416,357,50,9,18,13,2,3,20,78.63,13,3.96,4.41,911,48,381,64.95,16.99,81.94,c. Menos de 5.001
20004,301,GIPUZKOA,20,Albiztur,4,316,301,247,33,15,6,"82,06","10,96","4,98","1,99","87,04",92.29,100,"100,00",289,265,207,45,13,13,3,3,7,11,71.63,20.07,4.5,3.81,004,20,262,82.06,4.98,87.04,c. Menos de 5.001
20005,1780,GIPUZKOA,20,Alegia,5,1.762,1.78,1060,486,158,76,"59,55","27,30","8,88","4,27","68,43",87.08,100,"83,30",1.736,1.363,1.189,124,50,131,87,16,28,242,68.49,10.02,7.55,13.94,005,20,1218,59.55,8.88,68.43,c. Menos de 5.001
01001,3029,ARABA,1,Alegría-Dulantzi,1,2.925,3.029,106,2484,297,142,"3,50","82,01","9,81","4,69","13,30",41.79,55.6,"68,00",2.933,1.081,941,94,46,652,476,75,101,1.2,32.08,4.77,22.23,40.91,001,01,403,3.5,9.81,13.3,c. Menos de 5.001
20006,354,GIPUZKOA,20,Alkiza,6,362,354,268,64,18,4,"75,71","18,08","5,08","1,13","80,79",90.57,100,"75,00",339,301,270,18,13,17,13,4,-,21,79.65,9.14,5.01,6.19,006,20,286,75.71,5.08,80.79,c. Menos de 5.001
48912,2888,BIZKAIA,48,Alonsotegi,912,2.944,2.888,78,2524,223,63,"2,70","87,40","7,72","2,18","10,42",33.24,25,"41,70",2.815,840,713,77,50,623,423,78,122,1.352,25.33,4.51,22.13,48.03,912,48,301,2.7,7.72,10.42,c. Menos de 5.001
20906,175,GIPUZKOA,20,Altzaga,906,177,175,133,28,13,1,"76,00","16,00","7,43","0,57","83,43",88.19,100,"100,00",168,149,127,19,3,12,8,1,3,7,75.6,13.1,7.14,4.17,906,20,146,76,7.43,83.43,c. Menos de 5.001
20007,364,GIPUZKOA,20,Altzo,7,447,364,283,53,24,4,"77,75","14,56","6,59","1,10","84,34",90.97,100,"100,00",355,313,266,36,11,17,11,2,4,25,74.93,13.24,4.79,7.04,007,20,307,77.75,6.59,84.34,c. Menos de 5.001
20008,913,GIPUZKOA,20,Amezketa,8,945,913,743,96,58,16,"81,38","10,51","6,35","1,75","87,73",95.86,100,"62,50",891,808,656,137,15,32,28,3,1,51,73.63,17.06,3.59,5.72,008,20,801,81.38,6.35,87.73,c. Menos de 5.001
48003,18633,BIZKAIA,48,Amorebieta-Etxano,3,19.576,18.633,4202,10827,3071,533,"22,55","58,11","16,48","2,86","39,03",64.55,98.1,"88,00",18.092,10.16,8.83,958,372,3.183,2.151,501,531,4.749,48.81,7.35,17.59,26.25,003,48,7273,22.55,16.48,39.03,a. Más de 10.000
48004,412,BIZKAIA,48,Amoroto,4,414,412,325,48,35,4,"78,88","11,65","8,50","0,97","87,38",94.16,100,"66,70",405,368,312,44,12,18,12,4,2,19,77.04,13.83,4.44,4.69,004,48,360,78.88,8.5,87.38,c. Menos de 5.001
01002,10336,ARABA,1,Amurrio,2,10.307,10.336,259,8889,872,316,"2,51","86,00","8,44","3,06","10,94",38.57,48.4,"50,00",10.008,3.372,2.971,264,137,1.967,1.348,283,336,4.669,29.69,4.01,19.65,46.65,002,01,1131,2.51,8.44,10.94,a. Más de 10.000
20009,14859,GIPUZKOA,20,Andoain,9,14.631,14.859,3621,8599,2278,361,"24,37","57,87","15,33","2,43","39,70",60.75,75.4,"84,30",14.466,8.148,6.945,861,342,2.558,1.601,462,495,3.76,48.01,8.32,17.68,25.99,009,20,5899,24.37,15.33,39.7,a. Más de 10.000
20010,2037,GIPUZKOA,20,Anoeta,10,2.086,2.037,880,749,347,61,"43,20","36,77","17,03","2,99","60,24",78.77,100,"87,50",1.954,1.422,1.214,160,48,193,110,50,33,339,62.13,10.64,9.88,17.35,010,20,1227,43.2,17.03,60.24,c. Menos de 5.001
20011,2196,GIPUZKOA,20,Antzuola,11,2.081,2.196,1169,703,284,40,"53,23","32,01","12,93","1,82","66,17",80.07,100,"100,00",2.129,1.657,1.381,198,78,187,116,51,20,285,64.87,12.96,8.78,13.39,011,20,1453,53.23,12.93,66.17,c. Menos de 5.001
01049,169,ARABA,1,Añana,49,155,169,2,156,8,3,"1,18","92,31","4,73","1,78","5,92",22.47,0,"66,70",168,34,29,4,1,27,16,5,6,107,17.26,2.98,16.07,63.69,049,01,10,1.18,4.73,5.92,c. Menos de 5.001
48005,171,BIZKAIA,48,Arakaldo,5,160,171,31,113,22,5,"18,13","66,08","12,87","2,92","30,99",57.61,50,"33,30",168,94,75,13,6,36,26,4,6,38,44.64,11.31,21.43,22.62,005,48,53,18.13,12.87,30.99,c. Menos de 5.001
20012,213,GIPUZKOA,20,Arama,12,200,213,134,49,23,7,"62,91","23,00","10,80","3,29","73,71",90.91,88.9,"100,00",210,175,145,24,6,17,11,3,3,18,69.05,14.29,8.1,8.57,012,20,157,62.91,10.8,73.71,c. Menos de 5.001
01003,1534,ARABA,1,Aramaio,3,1.456,1.534,872,430,203,29,"56,84","28,03","13,23","1,89","70,08",87.92,100,"100,00",1.494,1.219,1.122,69,28,122,92,17,13,153,75.1,6.49,8.17,10.24,003,01,1075,56.84,13.23,70.08,c. Menos de 5.001
48006,404,BIZKAIA,48,Arantzazu,6,399,404,185,145,64,10,"45,79","35,89","15,84","2,48","61,63",87.63,100,"100,00",392,302,254,34,14,36,27,1,8,54,64.8,12.24,9.18,13.78,006,48,249,45.79,15.84,61.63,c. Menos de 5.001
48093,1178,BIZKAIA,48,Areatza,93,1.271,1.178,351,570,210,47,"29,80","48,39","17,83","3,99","47,62",71.22,80,"50,00",1.151,747,665,57,25,159,112,25,22,245,57.78,7.12,13.81,21.29,093,48,561,29.8,17.83,47.62,c. Menos de 5.001
20013,7003,GIPUZKOA,20,Aretxabaleta,13,7.108,7.003,2500,3209,1147,147,"35,70","45,82","16,38","2,10","52,08",71.91,90.9,"76,50",6.819,4.544,3.873,509,162,919,614,148,157,1.356,56.8,9.84,13.48,19.89,013,20,3647,35.7,16.38,52.08,b. De 5.001 a 10.000
01006,225,ARABA,1,Armiñón,6,231,225,2,202,13,8,"0,89","89,78","5,78","3,56","6,67",18.06,0,"0,00",221,54,41,9,4,50,34,4,12,117,18.55,5.88,22.62,52.94,006,01,15,0.89,5.78,6.67,c. Menos de 5.001
01037,730,ARABA,1,Arraia-Maeztu,37,800,730,16,637,49,28,"2,19","87,26","6,71","3,84","8,90",28.45,100,"50,00",706,198,169,16,13,122,85,16,21,386,23.94,4.11,17.28,54.67,037,01,65,2.19,6.71,8.9,c. Menos de 5.001
48009,996,BIZKAIA,48,Arrankudiaga,9,989,996,210,621,153,12,"21,08","62,35","15,36","1,20","36,45",65.26,57.1,"12,50",977,566,485,65,16,195,128,26,41,216,49.64,8.29,19.96,22.11,009,48,363,21.08,15.36,36.45,c. Menos de 5.001
20055,21929,GIPUZKOA,20,Arrasate/Mondragón,55,21.867,21.929,5693,12105,3477,654,"25,96","55,20","15,86","2,98","41,82",64.29,91,"84,00",21.413,12.227,10.503,1.292,432,3.36,2.008,641,711,5.826,49.05,8.05,15.69,27.21,055,20,9170,25.96,15.86,41.82,a. Más de 10.000
48914,402,BIZKAIA,48,Arratzu,914,424,402,290,66,41,5,"72,14","16,42","10,20","1,24","82,34",94.57,100,"50,00",389,350,300,42,8,17,14,2,1,22,77.12,12.85,4.37,5.66,914,48,331,72.14,10.2,82.34,c. Menos de 5.001
01008,1019,ARABA,1,Arratzua-Ubarrundia,8,1.017,1.019,30,882,83,24,"2,94","86,56","8,15","2,36","11,09",36.6,50,"0,00",1.003,345,309,22,14,181,126,25,30,477,30.81,3.59,18.05,47.56,008,01,113,2.94,8.15,11.09,c. Menos de 5.001
48010,553,BIZKAIA,48,Arrieta,10,575,553,230,233,84,6,"41,59","42,13","15,19","1,08","56,78",85.11,100,"40,00",548,412,353,49,10,92,69,10,13,44,64.42,10.77,16.79,8.03,010,48,314,41.59,15.19,56.78,c. Menos de 5.001
48011,11989,BIZKAIA,48,Arrigorriaga,11,12.14,11.989,552,9947,1255,235,"4,60","82,97","10,47","1,96","15,07",43.33,77.8,"70,30",11.749,4.52,3.987,351,182,2.485,1.777,310,398,4.744,33.93,4.54,21.15,40.38,011,48,1807,4.6,10.47,15.07,a. Más de 10.000
48023,735,BIZKAIA,48,Artea,23,742,735,381,239,102,13,"51,84","32,52","13,88","1,77","65,71",84.8,80,"75,00",719,565,489,52,24,64,43,5,16,90,68.01,10.57,8.9,12.52,023,48,483,51.84,13.88,65.71,c. Menos de 5.001
48008,731,BIZKAIA,48,Artzentales,8,726,731,25,655,39,12,"3,42","89,60","5,34","1,64","8,76",26.71,25,"25,00",716,186,158,15,13,135,91,21,23,395,22.07,3.91,18.85,55.17,008,48,64,3.42,5.34,8.76,c. Menos de 5.001
01004,1845,ARABA,1,Artziniega,4,1.809,1.845,60,1580,156,49,"3,25","85,64","8,46","2,66","11,71",36.71,36.4,"40,00",1.791,603,513,57,33,375,263,62,50,813,28.64,5.03,20.94,45.39,004,01,216,3.25,8.46,11.71,c. Menos de 5.001
01009,1658,ARABA,1,Asparrena,9,1.633,1.658,99,1358,149,52,"5,97","81,91","8,99","3,14","14,96",39.26,47.1,"64,70",1.613,609,535,48,26,279,182,47,50,725,33.17,4.59,17.3,44.95,009,01,248,5.97,8.99,14.96,c. Menos de 5.001
20014,1479,GIPUZKOA,20,Asteasu,14,1.549,1.479,991,353,107,28,"67,00","23,87","7,23","1,89","74,24",85.88,100,"70,00",1.453,1.212,1.08,97,35,121,65,34,22,120,74.33,9.08,8.33,8.26,014,20,1098,67,7.23,74.24,c. Menos de 5.001
20903,6053,GIPUZKOA,20,Astigarraga,903,7.185,6.053,1706,3063,1120,164,"28,18","50,60","18,50","2,71","46,69",71.03,100,"91,20",5.789,3.748,3.245,333,170,924,643,155,126,1.117,56.05,8.69,15.96,19.3,903,20,2826,28.18,18.5,46.69,b. De 5.001 a 10.000
20015,1679,GIPUZKOA,20,Ataun,15,1.697,1.679,1245,295,96,43,"74,15","17,57","5,72","2,56","79,87",92.97,100,"80,00",1.622,1.414,1.116,225,73,100,56,21,23,108,68.8,18.37,6.17,6.66,015,20,1341,74.15,5.72,79.87,c. Menos de 5.001
48091,1379,BIZKAIA,48,Atxondo,91,1.366,1.379,494,632,226,27,"35,82","45,83","16,39","1,96","52,21",71.92,100,"75,00",1.337,886,775,86,25,203,145,18,40,248,57.97,8.3,15.18,18.55,091,48,720,35.82,16.39,52.21,c. Menos de 5.001
48070,653,BIZKAIA,48,Aulesti,70,646,653,501,94,53,5,"76,72","14,40","8,12","0,77","84,84",95.66,100,"100,00",636,563,484,65,14,40,33,4,3,33,76.1,12.42,6.29,5.19,070,48,554,76.72,8.12,84.84,c. Menos de 5.001
01010,2906,ARABA,1,Ayala/Aiara,10,2.951,2.906,85,2484,290,47,"2,92","85,48","9,98","1,62","12,90",38.85,66.7,"55,60",2.816,1.077,940,87,50,611,462,81,68,1.128,33.38,4.87,21.7,40.06,010,01,375,2.92,9.98,12.9,c. Menos de 5.001
20017,11825,GIPUZKOA,20,Azkoitia,17,11.657,11.825,6342,3445,1589,449,"53,63","29,13","13,44","3,80","67,07",83.66,100,"86,40",11.478,8.828,7.221,1.31,297,1.057,652,157,248,1.593,62.91,14,9.21,13.88,017,20,7931,53.63,13.44,67.07,a. Más de 10.000
20018,14818,GIPUZKOA,20,Azpeitia,18,15.191,14.818,10385,2900,1084,449,"70,08","19,57","7,32","3,03","77,40",89.56,99,"90,20",14.407,12.057,9.742,1.892,423,976,506,163,307,1.374,67.62,16.07,6.77,9.54,018,20,11469,70.08,7.32,77.4,a. Más de 10.000
48012,2627,BIZKAIA,48,Bakio,12,2.775,2.627,681,1384,510,52,"25,92","52,68","19,41","1,98","45,34",66.41,86.7,"92,90",2.551,1.68,1.456,151,73,375,254,63,58,496,57.08,8.78,14.7,19.44,012,48,1191,25.92,19.41,45.34,c. Menos de 5.001
20904,142,GIPUZKOA,20,Baliarrain,904,153,142,111,13,15,3,"78,17","9,15","10,56","2,11","88,73",95.88,100,"60,00",131,119,97,15,7,4,2,1,1,8,74.05,16.79,3.05,6.11,904,20,126,78.17,10.56,88.73,c. Menos de 5.001
48090,7691,BIZKAIA,48,Balmaseda,90,7.651,7.691,140,6851,475,225,"1,82","89,08","6,18","2,93","8,00",29.8,41.7,"44,10",7.472,2.075,1.757,192,126,1.469,1.001,207,261,3.928,23.51,4.26,19.66,52.57,090,48,615,1.82,6.18,8,b. De 5.001 a 10.000
01011,309,ARABA,1,Baños de Ebro/Mañueta,11,287,309,4,282,7,16,"1,29","91,26","2,27","5,18","3,56",27.16,0,"100,00",304,62,59,1,2,58,42,2,14,184,19.41,0.99,19.08,60.53,011,01,11,1.29,2.27,3.56,c. Menos de 5.001
48013,98684,BIZKAIA,48,Barakaldo,13,100.907,98.684,1441,89558,5326,2359,"1,46","90,75","5,40","2,39","6,86",29.23,30.6,"35,60",96.235,24.307,20.424,2.288,1.595,20.174,14.105,2.35,3.719,51.754,21.22,4.03,20.96,53.78,013,48,6767,1.46,5.4,6.86,a. Más de 10.000
48014,1566,BIZKAIA,48,Barrika,14,1.554,1.566,177,1145,220,24,"11,30","73,12","14,05","1,53","25,35",55.56,66.7,"40,00",1.535,711,598,89,24,383,265,47,71,441,38.96,7.36,24.95,28.73,014,48,397,11.3,14.05,25.35,c. Menos de 5.001
01013,936,ARABA,1,Barrundia,13,895,936,59,774,82,21,"6,30","82,69","8,76","2,24","15,06",36.01,66.7,"66,70",920,339,311,15,13,173,130,20,23,408,33.8,3.04,18.8,44.35,013,01,141,6.3,8.76,15.06,c. Menos de 5.001
48015,40821,BIZKAIA,48,Basauri,15,40.535,40.821,1166,36131,2698,826,"2,86","88,51","6,61","2,02","9,47",35.5,48,"50,50",40.07,11.298,9.854,909,535,7.827,5.273,963,1.591,20.945,24.59,3.6,19.53,52.27,015,48,3864,2.86,6.61,9.47,a. Más de 10.000
20019,13802,GIPUZKOA,20,Beasain,19,13.949,13.802,3623,7326,2237,616,"26,25","53,08","16,21","4,46","42,46",66.3,93.3,"84,10",13.396,7.91,6.814,739,357,2.176,1.306,405,465,3.31,50.87,8.18,16.24,24.71,019,20,5860,26.25,16.21,42.46,a. Más de 10.000
48092,1033,BIZKAIA,48,Bedia,92,1.076,1.033,258,593,164,18,"24,98","57,41","15,88","1,74","40,85",67.3,71.4,"50,00",1.011,589,519,50,20,193,137,28,28,229,51.34,6.92,19.09,22.65,092,48,422,24.98,15.88,40.85,c. Menos de 5.001
20020,122,GIPUZKOA,20,Beizama,20,144,122,99,15,4,4,"81,15","12,30","3,28","3,28","84,43",94.05,100,"100,00",120,107,87,17,3,7,5,2,-,6,72.5,16.67,5.83,5,020,20,103,81.15,3.28,84.43,c. Menos de 5.001
20021,260,GIPUZKOA,20,Belauntza,21,253,260,185,54,17,4,"71,15","20,77","6,54","1,54","77,69",86.6,100,"66,70",254,215,186,24,5,12,11,-,1,27,73.23,11.42,4.72,10.63,021,20,202,71.15,6.54,77.69,c. Menos de 5.001
48016,7207,BIZKAIA,48,Berango,16,7.271,7.207,472,5760,842,133,"6,55","79,92","11,68","1,85","18,23",49.4,69.6,"62,50",7.002,2.95,2.523,287,140,1.627,1.18,183,264,2.425,36.03,6.1,23.24,34.63,016,48,1314,6.55,11.68,18.23,b. De 5.001 a 10.000
01014,478,ARABA,1,Berantevilla,14,465,478,8,436,16,18,"1,67","91,21","3,35","3,77","5,02",23.86,0,"0,00",463,69,54,7,8,73,53,7,13,321,11.66,3.24,15.77,69.33,014,01,24,1.67,3.35,5.02,c. Menos de 5.001
20022,1066,GIPUZKOA,20,Berastegi,22,1.099,1.066,816,153,78,19,"76,55","14,35","7,32","1,78","83,86",92.74,100,"60,00",1.031,942,841,82,19,47,35,7,5,42,81.57,9.8,4.56,4.07,022,20,894,76.55,7.32,83.86,c. Menos de 5.001
20074,14897,GIPUZKOA,20,Bergara,74,14.584,14.897,5887,6132,2447,431,"39,52","41,16","16,43","2,89","55,94",76,69.2,"79,10",14.536,10.015,8.639,1.042,334,1.893,1.23,297,366,2.628,59.43,9.47,13.02,18.08,074,20,8334,39.52,16.43,55.94,a. Más de 10.000
48017,16776,BIZKAIA,48,Bermeo,17,16.784,16.776,6946,6296,3027,507,"41,40","37,53","18,04","3,02","59,45",81.97,98.5,"71,60",16.324,11.972,10.153,1.504,315,1.73,1.155,185,390,2.622,62.2,11.14,10.6,16.06,017,48,9973,41.4,18.04,59.45,a. Más de 10.000
01016,520,ARABA,1,Bernedo,16,538,520,10,472,23,15,"1,92","90,77","4,42","2,88","6,35",22.35,0,"0,00",508,106,94,10,2,96,64,10,22,306,18.5,2.36,18.9,60.24,016,01,33,1.92,4.42,6.35,c. Menos de 5.001
48018,1249,BIZKAIA,48,Berriatua,18,1.232,1.249,816,283,79,71,"65,33","22,66","6,33","5,68","71,66",89.03,100,"60,00",1.213,961,826,108,27,92,71,6,15,160,68.1,11.13,7.58,13.19,018,48,895,65.33,6.33,71.66,c. Menos de 5.001
48019,4690,BIZKAIA,48,Berriz,19,4.537,4.69,1127,2687,756,120,"24,03","57,29","16,12","2,56","40,15",63.87,90,"83,90",4.571,2.617,2.247,262,108,769,531,112,126,1.185,49.16,8.09,16.82,25.92,019,48,1883,24.03,16.12,40.15,c. Menos de 5.001
20023,613,GIPUZKOA,20,Berrobi,23,598,613,329,171,100,13,"53,67","27,90","16,31","2,12","69,98",83.94,100,"60,00",591,476,387,62,27,44,32,9,3,71,65.48,15.06,7.45,12.01,023,20,429,53.67,16.31,69.98,c. Menos de 5.001
20024,514,GIPUZKOA,20,Bidania-Goiatz,24,534,514,316,112,77,9,"61,48","21,79","14,98","1,75","76,46",91.48,100,"75,00",498,425,368,42,15,23,14,6,3,50,73.9,11.45,4.62,10.04,024,20,393,61.48,14.98,76.46,c. Menos de 5.001
48020,343072,BIZKAIA,48,Bilbao,20,346.405,343.072,11149,298767,23372,9784,"3,25","87,09","6,81","2,85","10,06",36.3,49.5,"54,10",335.732,97.287,84.583,8.114,4.59,67.004,45.98,8.291,12.733,171.441,25.19,3.78,19.96,51.06,020,48,34521,3.25,6.81,10.06,a. Más de 10.000
48021,1672,BIZKAIA,48,Busturia,21,1.649,1.672,534,807,311,20,"31,94","48,27","18,60","1,20","50,54",75.71,100,"75,00",1.629,1.113,955,123,35,202,123,28,51,314,58.62,9.7,12.4,19.28,021,48,845,31.94,18.6,50.54,c. Menos de 5.001
01017,1049,ARABA,1,Campezo/Kanpezu,17,1.081,1.049,48,878,82,41,"4,58","83,70","7,82","3,91","12,39",29.42,25,"0,00",1.031,319,285,18,16,181,132,28,21,531,27.64,3.3,17.56,51.5,017,01,130,4.58,7.82,12.39,c. Menos de 5.001
20029,5441,GIPUZKOA,20,Deba,29,5.441,5.441,2605,1729,963,144,"47,88","31,78","17,70","2,65","65,58",81.15,97.2,"85,70",5.321,4.096,3.432,506,158,459,281,118,60,766,64.5,12.48,8.63,14.4,029,20,3568,47.88,17.7,65.58,b. De 5.001 a 10.000
48901,6694,BIZKAIA,48,Derio,901,6.78,6.694,486,5317,791,100,"7,26","79,43","11,82","1,49","19,08",44.49,58.8,"51,60",6.462,2.598,2.194,240,164,1.384,1.012,161,211,2.48,33.95,6.25,21.42,38.38,901,48,1277,7.26,11.82,19.08,b. De 5.001 a 10.000
48026,1462,BIZKAIA,48,Dima,26,1.472,1.462,910,407,127,18,"62,24","27,84","8,69","1,23","70,93",88.25,100,"66,70",1.412,1.173,1.007,125,41,116,84,24,8,123,71.32,11.76,8.22,8.71,026,48,1037,62.24,8.69,70.93,c. Menos de 5.001
20069,180658,GIPUZKOA,20,Donostia / San Sebastián,69,188.102,180.658,25509,126304,23479,5366,"14,12","69,91","13,00","2,97","27,12",53.66,78.7,"68,80",176.637,81.274,70.787,7.353,3.134,34.825,21.652,6.03,7.143,60.538,40.07,5.94,19.72,34.27,069,20,48988,14.12,13,27.12,a. Más de 10.000
48027,29455,BIZKAIA,48,Durango,27,29.935,29.455,5351,18593,4726,785,"18,17","63,12","16,04","2,67","34,21",61.28,77.1,"76,90",28.71,15.191,13.298,1.367,526,5.657,3.794,841,1.022,7.862,46.32,6.59,19.7,27.38,027,48,10077,18.17,16.04,34.21,a. Más de 10.000
48028,837,BIZKAIA,48,Ea,28,820,837,502,230,90,15,"59,98","27,48","10,75","1,79","70,73",83.57,100,"75,00",823,659,560,80,19,66,54,3,9,98,68.04,12.03,8.02,11.91,028,48,592,59.98,10.75,70.73,c. Menos de 5.001
20030,27155,GIPUZKOA,20,Eibar,30,27.467,27.155,6124,15896,4147,988,"22,55","58,54","15,27","3,64","37,82",61.63,79.6,"70,50",26.46,14.386,12.112,1.628,646,4.665,2.801,950,914,7.409,45.77,8.59,17.63,28,030,20,10271,22.55,15.27,37.82,a. Más de 10.000
48031,358,BIZKAIA,48,Elantxobe,31,344,358,256,76,24,2,"71,51","21,23","6,70","0,56","78,21",91.2,100,"40,00",350,309,254,47,8,19,13,2,4,22,72.57,15.71,5.43,6.29,031,48,280,71.51,6.7,78.21,c. Menos de 5.001
01021,630,ARABA,1,Elburgo/Burgelu,21,634,630,17,560,31,22,"2,70","88,89","4,92","3,49","7,62",36.62,0,"50,00",613,189,168,14,7,121,88,20,13,303,27.41,3.43,19.74,49.43,021,01,48,2.7,4.92,7.62,c. Menos de 5.001
01022,1052,ARABA,1,Elciego,22,996,1.052,11,941,43,57,"1,05","89,45","4,09","5,42","5,13",24.8,25,"0,00",1.024,205,168,24,13,199,140,28,31,620,16.41,3.61,19.43,60.55,022,01,54,1.05,4.09,5.13,c. Menos de 5.001
20031,239,GIPUZKOA,20,Elduain,31,244,239,190,29,18,2,"79,50","12,13","7,53","0,84","87,03",93.46,100,"75,00",234,214,182,24,8,12,9,2,1,8,77.78,13.68,5.13,3.42,031,20,208,79.5,7.53,87.03,c. Menos de 5.001
20033,1115,GIPUZKOA,20,Elgeta,33,1.141,1.115,618,336,131,30,"55,43","30,13","11,75","2,69","67,17",84.35,100,"57,10",1.077,854,729,94,31,96,69,13,14,127,67.69,11.61,8.91,11.79,033,20,749,55.43,11.75,67.17,c. Menos de 5.001
20032,11442,GIPUZKOA,20,Elgoibar,32,11.464,11.442,3692,5569,1809,372,"32,27","48,67","15,81","3,25","48,08",67.61,81,"74,60",11.132,6.932,5.902,765,265,1.693,1.081,270,342,2.507,53.02,9.25,15.21,22.52,032,20,5501,32.27,15.81,48.08,a. Más de 10.000
48032,7370,BIZKAIA,48,Elorrio,32,7.383,7.37,2186,3697,1315,172,"29,66","50,16","17,84","2,33","47,50",67.34,95,"76,90",7.164,4.433,3.875,399,159,1.059,628,174,257,1.672,54.09,7.79,14.78,23.34,032,48,3501,29.66,17.84,47.5,b. De 5.001 a 10.000
01023,350,ARABA,1,Elvillar/Bilar,23,327,350,4,314,17,15,"1,14","89,71","4,86","4,29","6,00",28.63,20,"20,00",341,69,60,6,3,39,29,2,8,233,17.6,2.64,11.44,68.33,023,01,21,1.14,4.86,6,c. Menos de 5.001
48902,23757,BIZKAIA,48,Erandio,902,24.489,23.757,876,20563,1805,513,"3,69","86,56","7,60","2,16","11,29",37.62,57.5,"60,40",23.205,7.202,6.077,697,428,4.776,3.254,662,860,11.227,26.19,4.85,20.58,48.38,902,48,2681,3.69,7.6,11.29,a. Más de 10.000
48033,256,BIZKAIA,48,Ereño,33,263,256,178,54,19,5,"69,53","21,09","7,42","1,95","76,95",90.43,100,"75,00",252,224,195,24,5,12,9,1,2,16,77.38,11.51,4.76,6.35,033,48,197,69.53,7.42,76.95,c. Menos de 5.001
48034,15924,BIZKAIA,48,Ermua,34,15.791,15.924,1006,13103,1376,439,"6,32","82,28","8,64","2,76","14,96",40.29,49.1,"44,70",15.543,5.214,4.611,361,242,3.328,2.389,339,600,7.001,29.67,3.88,21.41,45.04,034,48,2382,6.32,8.64,14.96,a. Más de 10.000
20067,39910,GIPUZKOA,20,Errenteria,67,39.219,39.91,4960,28864,5004,1082,"12,43","72,32","12,54","2,71","24,97",47.09,81.9,"63,00",38.949,16.714,14.472,1.548,694,7.749,4.698,1.396,1.655,14.486,37.16,5.76,19.9,37.19,067,20,9964,12.43,12.54,24.97,a. Más de 10.000
20066,591,GIPUZKOA,20,Errezil,66,578,591,485,38,52,16,"82,06","6,43","8,80","2,71","90,86",94.41,100,"75,00",574,540,424,96,20,16,9,2,5,18,73.87,20.21,2.79,3.14,066,20,537,82.06,8.8,90.86,c. Menos de 5.001
01046,833,ARABA,1,Erriberagoitia/Ribera Alta,46,826,833,9,754,41,29,"1,08","90,52","4,92","3,48","6,00",27.95,25,"0,00",816,203,175,16,12,164,108,30,26,449,21.45,3.43,20.1,55.02,046,01,50,1.08,4.92,6,c. Menos de 5.001
48079,493,BIZKAIA,48,Errigoiti,79,489,493,262,151,71,9,"53,14","30,63","14,40","1,83","67,55",85.64,100,"75,00",479,384,327,50,7,43,38,3,2,52,68.27,11.9,8.98,10.86,079,48,333,53.14,14.4,67.55,c. Menos de 5.001
20034,4106,GIPUZKOA,20,Eskoriatza,34,4.131,4.106,1217,2095,694,100,"29,64","51,02","16,90","2,44","46,54",66.89,92.9,"73,30",4.006,2.507,2.137,278,92,555,344,107,104,944,53.34,9.24,13.85,23.56,034,20,1911,29.64,16.9,46.54,c. Menos de 5.001
48029,11086,BIZKAIA,48,Etxebarri,29,11.664,11.086,355,9523,1027,181,"3,20","85,90","9,26","1,63","12,47",36.01,39.6,"50,00",10.647,3.764,3.122,374,268,2.426,1.764,281,381,4.457,29.32,6.03,22.79,41.86,029,48,1382,3.2,9.26,12.47,a. Más de 10.000
48030,683,BIZKAIA,48,Etxebarria,30,790,683,522,101,41,19,"76,43","14,79","6,00","2,78","82,43",92.46,100,"100,00",670,583,503,59,21,39,34,3,2,48,75.07,11.94,5.82,7.16,030,48,563,76.43,6,82.43,c. Menos de 5.001
20035,630,GIPUZKOA,20,Ezkio-Itsaso,35,614,630,430,140,48,12,"68,25","22,22","7,62","1,90","75,87",89.74,100,"100,00",611,516,457,37,22,40,25,8,7,55,74.8,9.66,6.55,9,035,20,478,68.25,7.62,75.87,c. Menos de 5.001
48906,929,BIZKAIA,48,Forua,906,910,929,453,329,120,27,"48,76","35,41","12,92","2,91","61,68",83.89,85.7,"71,40",910,700,592,87,21,90,64,5,21,120,65.05,11.87,9.89,13.19,906,48,573,48.76,12.92,61.68,c. Menos de 5.001
48035,550,BIZKAIA,48,Fruiz,35,548,550,238,208,99,5,"43,27","37,82","18,00","0,91","61,27",85.48,100,"66,70",536,401,336,43,22,70,47,6,17,65,62.69,12.13,13.06,12.13,035,48,337,43.27,18,61.27,c. Menos de 5.001
20038,517,GIPUZKOA,20,Gabiria,38,502,517,406,66,35,10,"78,53","12,77","6,77","1,93","85,30",93.41,100,"66,70",500,454,408,33,13,26,12,9,5,20,81.6,9.2,5.2,4,038,20,441,78.53,6.77,85.3,c. Menos de 5.001
20037,128,GIPUZKOA,20,Gaintza,37,126,128,101,16,10,1,"78,91","12,50","7,81","0,78","86,72",97.69,100,"100,00",125,114,100,11,3,4,3,-,1,7,80,11.2,3.2,5.6,037,20,111,78.91,7.81,86.72,c. Menos de 5.001
48036,29302,BIZKAIA,48,Galdakao,36,29.404,29.302,2721,22258,3854,469,"9,29","75,96","13,15","1,60","22,44",50.66,75.72,"63,70",28.591,12.335,10.732,1.041,562,5.856,4.114,817,925,10.4,37.54,5.61,20.48,36.38,036,48,6575,9.29,13.15,22.44,a. Más de 10.000
48037,824,BIZKAIA,48,Galdames,37,842,824,13,744,54,13,"1,58","90,29","6,55","1,58","8,13",29.63,25,"25,00",803,203,177,18,8,171,124,17,30,429,22.04,3.24,21.3,53.42,037,48,67,1.58,6.55,8.13,c. Menos de 5.001
48038,1370,BIZKAIA,48,Gamiz-Fika,38,1.383,1.37,549,583,217,21,"40,07","42,55","15,84","1,53","55,91",80.31,75,"42,90",1.35,979,841,114,24,157,115,20,22,214,62.3,10.22,11.63,15.85,038,48,766,40.07,15.84,55.91,c. Menos de 5.001
48039,306,BIZKAIA,48,Garai,39,329,306,167,87,46,6,"54,58","28,43","15,03","1,96","69,61",87.67,0,"40,00",297,247,206,31,10,25,18,4,3,25,69.36,13.8,8.42,8.42,039,48,213,54.58,15.03,69.61,c. Menos de 5.001
48040,1683,BIZKAIA,48,Gatika,40,1.674,1.683,590,806,274,13,"35,06","47,89","16,28","0,77","51,34",80.04,100,"45,50",1.632,1.105,961,113,31,335,262,38,35,192,58.88,8.82,20.53,11.76,040,48,864,35.06,16.28,51.34,c. Menos de 5.001
48041,839,BIZKAIA,48,Gautegiz Arteaga,41,854,839,346,300,175,18,"41,24","35,76","20,86","2,15","62,10",82.79,100,"66,70",826,662,582,57,23,87,51,14,22,77,70.46,9.69,10.53,9.32,041,48,521,41.24,20.86,62.1,c. Menos de 5.001
20907,167,GIPUZKOA,20,Gaztelu,907,173,167,129,22,14,2,"77,25","13,17","8,38","1,20","85,63",91.47,100,"33,30",159,144,111,26,7,10,4,3,3,5,69.81,20.75,6.29,3.14,907,20,143,77.25,8.38,85.63,c. Menos de 5.001
48046,16664,BIZKAIA,48,Gernika-Lumo,46,17.093,16.664,6402,6796,2823,643,"38,42","40,78","16,94","3,86","55,36",76.81,96.3,"86,90",16.167,11.3,9.625,1.319,356,1.875,1.2,184,491,2.992,59.53,10.36,11.6,18.51,046,48,9225,38.42,16.94,55.36,a. Más de 10.000
20039,2791,GIPUZKOA,20,Getaria,39,2.794,2.791,1998,493,204,96,"71,59","17,66","7,31","3,44","78,90",91.2,100,"88,90",2.694,2.272,2.041,162,69,157,103,25,29,265,75.76,8.57,5.83,9.84,039,20,2202,71.59,7.31,78.9,c. Menos de 5.001
48044,77579,BIZKAIA,48,Getxo,44,77.139,77.579,3392,66046,6434,1707,"4,37","85,13","8,29","2,20","12,67",42.71,44.7,"52,40",75.862,25.246,21.918,2.148,1.18,17.499,12.426,2.161,2.912,33.117,28.89,4.39,23.07,43.65,044,48,9826,4.37,8.29,12.67,a. Más de 10.000
48047,212,BIZKAIA,48,Gizaburuaga,47,200,212,136,39,33,4,"64,15","18,40","15,57","1,89","79,72",95,100,"100,00",206,181,151,23,7,12,9,-,3,13,73.3,14.56,5.83,6.31,047,48,169,64.15,15.57,79.72,c. Menos de 5.001
48042,1689,BIZKAIA,48,Gordexola,42,1.723,1.689,49,1471,134,35,"2,90","87,09","7,93","2,07","10,83",34.18,55.6,"44,40",1.655,501,432,45,24,355,249,46,60,799,26.1,4.17,21.45,48.28,042,48,183,2.9,7.93,10.83,c. Menos de 5.001
48043,5691,BIZKAIA,48,Gorliz,43,6.022,5.691,485,4354,753,99,"8,52","76,51","13,23","1,74","21,75",52.59,50,"63,60",5.549,2.531,2.217,215,99,1.345,917,191,237,1.673,39.95,5.66,24.24,30.15,043,48,1238,8.52,13.23,21.75,b. De 5.001 a 10.000
48045,6632,BIZKAIA,48,Güeñes,45,6.699,6.632,176,5841,441,174,"2,65","88,07","6,65","2,62","9,30",32.72,37.5,"36,70",6.47,1.961,1.677,168,116,1.357,944,185,228,3.152,25.92,4.39,20.97,48.72,045,48,617,2.65,6.65,9.3,b. De 5.001 a 10.000
01056,239,ARABA,1,Harana/Valle de Arana,56,226,239,1,232,6,0,"0,42","97,07","2,51","0,00","2,93",19.81,51.6,"50,00",239,36,30,5,1,20,14,1,5,183,12.55,2.51,8.37,76.57,056,01,7,0.42,2.51,2.93,c. Menos de 5.001
20040,20248,GIPUZKOA,20,Hernani,40,20.362,20.248,5748,10586,3367,547,"28,39","52,28","16,63","2,70","45,02",66.04,86.8,"80,20",19.766,12.118,10.424,1.245,449,3.142,1.961,569,612,4.506,52.74,8.57,15.9,22.8,040,20,9115,28.39,16.63,45.02,a. Más de 10.000
20041,315,GIPUZKOA,20,Hernialde,41,321,315,176,74,57,8,"55,87","23,49","18,10","2,54","73,97",88.46,100,"60,00",311,262,233,27,2,22,15,4,3,27,74.92,9.32,7.07,8.68,041,20,233,55.87,18.1,73.97,c. Menos de 5.001
20036,17153,GIPUZKOA,20,Hondarribia,36,16.852,17.153,5068,8640,2961,484,"29,55","50,37","17,26","2,82","46,81",70.65,83.8,"85,70",16.777,10.689,9.202,1.138,349,2.675,1.74,395,540,3.413,54.85,8.86,15.94,20.34,036,20,8029,29.55,17.26,46.81,a. Más de 10.000
20042,4135,GIPUZKOA,20,Ibarra,42,4.22,4.135,1755,1633,618,129,"42,44","39,49","14,95","3,12","57,39",74.72,95.7,"83,30",4.031,2.78,2.429,257,94,475,299,91,85,776,60.26,8.71,11.78,19.25,042,20,2373,42.44,14.95,57.39,c. Menos de 5.001
48048,649,BIZKAIA,48,Ibarrangelu,48,670,649,289,220,133,7,"44,53","33,90","20,49","1,08","65,02",84.97,100,"42,90",637,503,441,56,6,59,43,8,8,75,69.23,9.73,9.26,11.77,048,48,422,44.53,20.49,65.02,c. Menos de 5.001
20043,2340,GIPUZKOA,20,Idiazabal,43,2.281,2.34,1578,448,246,68,"67,44","19,15","10,51","2,91","77,95",87.52,85.7,"76,90",2.263,1.918,1.661,171,86,141,83,29,29,204,73.4,11.36,6.23,9.01,043,20,1824,67.44,10.51,77.95,c. Menos de 5.001
48094,4156,BIZKAIA,48,Igorre,94,4.314,4.156,1749,1712,544,151,"42,08","41,19","13,09","3,63","55,17",76.83,100,"94,70",4.032,2.795,2.386,323,86,515,388,37,90,722,59.18,10.14,12.77,17.91,094,48,2293,42.08,13.09,55.17,c. Menos de 5.001
20044,477,GIPUZKOA,20,Ikaztegieta,44,485,477,293,139,28,17,"61,43","29,14","5,87","3,56","67,30",87.2,100,"100,00",460,360,277,76,7,54,36,7,11,46,60.22,18.04,11.74,10,044,20,321,61.43,5.87,67.3,c. Menos de 5.001
20045,59748,GIPUZKOA,20,Irun,45,62.933,59.748,6295,44172,6935,2346,"10,54","73,93","11,61","3,93","22,14",46.71,69.9,"60,10",58.315,23.683,20.502,2.067,1.114,11.496,7.059,2.035,2.402,23.136,35.16,5.45,19.71,39.67,045,20,13230,10.54,11.61,22.14,a. Más de 10.000
01901,3323,ARABA,1,Iruña Oka/Iruña de Oca,901,3.468,3.323,59,2897,227,140,"1,78","87,18","6,83","4,21","8,61",35.37,58.3,"50,00",3.233,935,793,98,44,782,569,94,119,1.516,24.53,4.39,24.19,46.89,901,01,286,1.78,6.83,8.61,c. Menos de 5.001
20046,1779,GIPUZKOA,20,Irura,46,1.877,1.779,743,654,320,62,"41,77","36,76","17,99","3,49","59,75",83.19,100,"86,70",1.694,1.258,1.056,137,65,169,113,41,15,267,62.34,11.92,9.98,15.76,046,20,1063,41.77,17.99,59.75,c. Menos de 5.001
01027,553,ARABA,1,Iruraiz-Gauna,27,529,553,23,477,45,8,"4,16","86,26","8,14","1,45","12,30",31.98,0,"50,00",545,167,153,12,2,113,82,14,17,265,28.07,2.57,20.73,48.62,027,01,68,4.16,8.14,12.3,c. Menos de 5.001
48049,720,BIZKAIA,48,Ispaster,49,754,720,490,152,58,20,"68,06","21,11","8,06","2,78","76,11",94.18,100,"66,70",702,584,492,63,29,67,49,11,7,51,70.09,13.11,9.54,7.26,049,48,548,68.06,8.06,76.11,c. Menos de 5.001
20047,652,GIPUZKOA,20,Itsasondo,47,658,652,293,210,131,18,"44,94","32,21","20,09","2,76","65,03",82.75,100,"100,00",634,487,404,74,9,52,33,15,4,95,63.72,13.09,8.2,14.98,047,20,424,44.94,20.09,65.03,c. Menos de 5.001
48910,3617,BIZKAIA,48,Iurreta,910,3.696,3.617,762,2268,497,90,"21,07","62,70","13,74","2,49","34,81",60.02,81.6,"88,90",3.545,1.772,1.505,190,77,677,439,107,131,1.096,42.45,7.53,19.1,30.92,910,48,1259,21.07,13.74,34.81,c. Menos de 5.001
48050,253,BIZKAIA,48,Izurtza,50,240,253,94,95,56,8,"37,15","37,55","22,13","3,16","59,29",85.45,100,"80,00",249,190,173,10,7,26,12,2,12,33,69.48,6.83,10.44,13.25,050,48,150,37.15,22.13,59.29,c. Menos de 5.001
48022,2732,BIZKAIA,48,Karrantza Harana/Valle de Carranza,22,2.759,2.732,51,2509,138,34,"1,87","91,84","5,05","1,24","6,92",25.14,36.4,"18,20",2.665,636,551,53,32,458,315,61,82,1.571,20.68,3.19,17.19,58.95,022,48,189,1.87,5.05,6.92,c. Menos de 5.001
48907,433,BIZKAIA,48,Kortezubi,907,439,433,308,73,45,7,"71,13","16,86","10,39","1,62","81,52",92.35,100,"0,00",418,370,318,38,14,25,18,5,2,23,76.08,12.44,5.98,5.5,907,48,353,71.13,10.39,81.52,c. Menos de 5.001
01019,189,ARABA,1,Kripan,19,175,189,1,174,9,5,"0,53","92,06","4,76","2,65","5,29",24.86,25,"25,00",187,40,38,2,-,35,25,4,6,112,20.32,1.07,18.72,59.89,019,01,10,0.53,4.76,5.29,c. Menos de 5.001
01020,365,ARABA,1,Kuartango,20,396,365,9,329,22,5,"2,47","90,14","6,03","1,37","8,49",27.46,0,"0,00",356,90,79,5,6,74,38,19,17,192,22.19,3.09,20.79,53.93,020,01,31,2.47,6.03,8.49,c. Menos de 5.001
01028,1495,ARABA,1,Labastida/Bastida,28,1.532,1.495,45,1263,103,84,"3,01","84,48","6,89","5,62","9,90",NA,NA,,1.453,479,418,38,23,295,208,49,38,679,28.77,4.2,20.3,46.73,028,01,148,3.01,6.89,9.9,c. Menos de 5.001
01030,171,ARABA,1,Lagrán,30,171,171,0,163,7,1,"0,00","95,32","4,09","0,58","4,09",19.23,50,"50,00",168,20,16,2,2,24,18,1,5,124,9.52,2.38,14.29,73.81,030,01,7,0,4.09,4.09,c. Menos de 5.001
01031,1543,ARABA,1,Laguardia,31,1.464,1.543,25,1365,71,82,"1,62","88,46","4,60","5,31","6,22",30.81,0,"10,50",1.506,380,341,24,15,295,210,36,49,831,22.64,2.59,19.59,55.18,031,01,96,1.62,4.6,6.22,c. Menos de 5.001
01032,691,ARABA,1,Lanciego/Lantziego,32,692,691,10,590,34,57,"1,45","85,38","4,92","8,25","6,37",25.89,28.6,"28,60",669,138,115,13,10,162,110,16,36,369,17.19,3.44,24.22,55.16,032,01,44,1.45,4.92,6.37,c. Menos de 5.001
48051,282,BIZKAIA,48,Lanestosa,51,261,282,7,263,11,1,"2,48","93,26","3,90","0,35","6,38",25,0,"0,00",278,59,51,6,2,40,24,5,11,179,18.35,2.88,14.39,64.39,051,48,18,2.48,3.9,6.38,c. Menos de 5.001
01902,921,ARABA,1,Lantarón,902,915,921,14,835,32,40,"1,52","90,66","3,47","4,34","4,99",23.68,0,"0,00",908,131,111,10,10,128,76,22,30,649,12.22,2.2,14.1,71.48,902,01,46,1.52,3.47,4.99,c. Menos de 5.001
01033,864,ARABA,1,Lapuebla de Labarca,33,858,864,24,723,57,60,"2,78","83,68","6,60","6,94","9,38",33.49,25,"0,00",837,190,165,14,11,203,124,32,47,444,19.71,2.99,24.25,53.05,033,01,81,2.78,6.6,9.38,c. Menos de 5.001
48052,2035,BIZKAIA,48,Larrabetzu,52,2.081,2.035,832,848,332,23,"40,88","41,67","16,31","1,13","57,20",82.15,90,"88,90",1.972,1.501,1.279,177,45,238,183,22,33,233,64.86,11.26,12.07,11.82,052,48,1164,40.88,16.31,57.2,c. Menos de 5.001
20048,250,GIPUZKOA,20,Larraul,48,259,250,177,60,11,2,"70,80","24,00","4,40","0,80","75,20",89.69,100,"100,00",248,220,186,28,6,15,12,2,1,13,75,13.71,6.05,5.24,048,20,188,70.8,4.4,75.2,c. Menos de 5.001
20902,18499,GIPUZKOA,20,Lasarte-Oria,902,18.893,18.499,2694,12820,2475,510,"14,56","69,30","13,38","2,76","27,94",51.52,87.6,"77,70",18.047,8.188,7.125,728,335,3.29,1.986,575,729,6.569,39.48,5.89,18.23,36.4,902,20,5169,14.56,13.38,27.94,a. Más de 10.000
01036,18249,ARABA,1,Laudio/Llodio,36,18.009,18.249,547,15671,1496,535,"3,00","85,87","8,20","2,93","11,20",39.12,43.9,"65,00",17.882,5.975,5.302,448,225,3.539,2.551,427,561,8.368,29.65,3.76,19.79,46.8,036,01,2043,3,8.2,11.2,a. Más de 10.000
48053,1196,BIZKAIA,48,Laukiz,53,1.237,1.196,237,761,182,16,"19,82","63,63","15,22","1,34","35,03",65.55,66.7,"62,50",1.173,627,541,61,25,258,185,48,25,288,46.12,7.33,21.99,24.55,053,48,419,19.82,15.22,35.03,c. Menos de 5.001
20049,5440,GIPUZKOA,20,Lazkao,49,6.007,5.44,2061,2384,746,249,"37,89","43,82","13,71","4,58","51,60",70.02,85.7,"75,00",5.307,3.432,2.842,480,110,707,382,122,203,1.168,53.55,11.12,13.32,22.01,049,20,2807,37.89,13.71,51.6,b. De 5.001 a 10.000
20050,363,GIPUZKOA,20,Leaburu,50,380,363,235,73,41,14,"64,74","20,11","11,29","3,86","76,03",89.21,100,"66,70",355,297,254,36,7,28,23,4,1,30,71.55,12.11,7.89,8.45,050,20,276,64.74,11.29,76.03,c. Menos de 5.001
20051,8390,GIPUZKOA,20,Legazpi,51,8.367,8.39,2351,4466,1430,143,"28,02","53,23","17,04","1,70","45,07",65.73,76.3,"75,00",8.196,4.981,4.285,515,181,1.208,710,202,296,2.007,52.28,8.49,14.74,24.49,051,20,3781,28.02,17.04,45.07,b. De 5.001 a 10.000
20052,1479,GIPUZKOA,20,Legorreta,52,1.44,1.479,665,557,207,50,"44,96","37,66","14,00","3,38","58,96",76.79,100,"100,00",1.435,1.037,907,100,30,163,104,29,30,235,63.21,9.06,11.36,16.38,052,20,872,44.96,14,58.96,c. Menos de 5.001
01058,1778,ARABA,1,Legutio,58,1.993,1.778,146,1324,243,65,"8,21","74,47","13,67","3,66","21,88",51.47,50,"53,80",1.722,763,650,78,35,313,223,44,46,646,37.75,6.56,18.18,37.51,058,01,389,8.21,13.67,21.88,c. Menos de 5.001
20068,240,GIPUZKOA,20,Leintz Gatzaga,68,211,240,115,78,44,3,"47,92","32,50","18,33","1,25","66,25",80.54,100,"100,00",235,188,152,29,7,25,18,7,-,22,64.68,15.32,10.64,9.36,068,20,159,47.92,18.33,66.25,c. Menos de 5.001
48054,31049,BIZKAIA,48,Leioa,54,32.188,31.049,1346,26328,2801,574,"4,34","84,80","9,02","1,85","13,36",42.17,63.6,"59,40",30.218,10.79,9.333,894,563,6.901,4.956,823,1.122,12.527,30.89,4.82,22.84,41.46,054,48,4147,4.34,9.02,13.36,a. Más de 10.000
48057,7206,BIZKAIA,48,Lekeitio,57,7.271,7.206,4706,1758,565,177,"65,31","24,40","7,84","2,46","73,15",88.38,100,"90,30",7.064,5.772,4.993,627,152,515,380,74,61,777,70.68,11.03,7.29,11,057,48,5271,65.31,7.84,73.15,b. De 5.001 a 10.000
48055,3562,BIZKAIA,48,Lemoa,55,3.489,3.562,823,2023,612,104,"23,10","56,79","17,18","2,92","40,29",68.97,81.8,"87,50",3.429,1.938,1.614,198,126,648,439,97,112,843,47.07,9.45,18.9,24.58,055,48,1435,23.1,17.18,40.29,c. Menos de 5.001
48056,1262,BIZKAIA,48,Lemoiz,56,1.297,1.262,252,756,231,23,"19,97","59,90","18,30","1,82","38,27",70.55,100,"14,30",1.218,732,630,74,28,235,151,42,42,251,51.72,8.37,19.29,20.61,056,48,483,19.97,18.3,38.27,c. Menos de 5.001
01034,209,ARABA,1,Leza,34,219,209,6,179,13,11,"2,87","85,65","6,22","5,26","9,09",32.89,0,"33,30",206,51,37,8,6,47,35,2,10,108,17.96,6.8,22.82,52.43,034,01,19,2.87,6.22,9.09,c. Menos de 5.001
48081,2373,BIZKAIA,48,Lezama,81,2.454,2.373,690,1224,421,38,"29,08","51,58","17,74","1,60","46,82",72.77,80,"88,90",2.302,1.545,1.366,132,47,323,234,45,44,434,59.34,7.78,14.03,18.85,081,48,1111,29.08,17.74,46.82,c. Menos de 5.001
20053,6065,GIPUZKOA,20,Lezo,53,6.062,6.065,1764,3240,936,125,"29,08","53,42","15,43","2,06","44,52",66,98.4,"90,30",5.921,3.57,3.094,356,120,1.05,609,216,225,1.301,52.25,8.04,17.73,21.97,053,20,2700,29.08,15.43,44.52,b. De 5.001 a 10.000
20054,643,GIPUZKOA,20,Lizartza,54,625,643,446,139,35,23,"69,36","21,62","5,44","3,58","74,81",90.85,100,"66,70",624,524,442,60,22,42,33,6,3,58,70.83,13.14,6.73,9.29,054,20,481,69.36,5.44,74.81,c. Menos de 5.001
48903,2279,BIZKAIA,48,Loiu,903,2.363,2.279,317,1552,355,55,"13,91","68,10","15,58","2,41","29,49",61.35,71.4,"76,90",2.232,1.106,945,127,34,482,333,69,80,644,42.34,7.21,21.59,28.85,903,48,672,13.91,15.58,29.49,c. Menos de 5.001
48058,1168,BIZKAIA,48,Mallabia,58,1.172,1.168,512,498,143,15,"43,84","42,64","12,24","1,28","56,08",77.2,100,"44,40",1.145,805,686,84,35,171,126,20,25,169,59.91,10.39,14.93,14.76,058,48,655,43.84,12.24,56.08,c. Menos de 5.001
48059,520,BIZKAIA,48,Mañaria,59,521,520,285,150,63,22,"54,81","28,85","12,12","4,23","66,92",92.17,100,"75,00",504,394,331,45,18,46,34,5,7,64,65.67,12.5,9.13,12.7,059,48,348,54.81,12.12,66.92,c. Menos de 5.001
48060,4900,BIZKAIA,48,Markina-Xemein,60,5.072,4.9,2936,1170,529,265,"59,92","23,88","10,80","5,41","70,71",87.72,85.7,"86,40",4.759,3.76,3.193,451,116,370,264,49,57,629,67.09,11.91,7.77,13.22,060,48,3465,59.92,10.8,70.71,c. Menos de 5.001
48061,954,BIZKAIA,48,Maruri-Jatabe,61,992,954,240,502,197,15,"25,16","52,62","20,65","1,57","45,81",73.8,100,"83,30",932,580,494,68,18,187,135,23,29,165,53,9.23,20.06,17.7,061,48,437,25.16,20.65,45.81,c. Menos de 5.001
20901,2020,GIPUZKOA,20,Mendaro,901,1.983,2.02,795,831,321,73,"39,36","41,14","15,89","3,61","55,25",76.13,90,"90,00",1.955,1.382,1.172,151,59,231,156,27,48,342,59.95,10.74,11.82,17.49,901,20,1116,39.36,15.89,55.25,c. Menos de 5.001
48062,403,BIZKAIA,48,Mendata,62,379,403,255,104,33,11,"63,28","25,81","8,19","2,73","71,46",90.08,100,"50,00",391,328,272,45,11,39,28,5,6,24,69.57,14.32,9.97,6.14,062,48,288,63.28,8.19,71.46,c. Menos de 5.001
48063,466,BIZKAIA,48,Mendexa,63,422,466,291,120,51,4,"62,45","25,75","10,94","0,86","73,39",88.15,100,"66,70",458,376,321,46,9,49,40,5,4,33,70.09,12.01,10.7,7.21,063,48,342,62.45,10.94,73.39,c. Menos de 5.001
48064,729,BIZKAIA,48,Meñaka,64,753,729,360,251,108,10,"49,38","34,43","14,81","1,37","64,20",82.99,100,"33,30",712,547,465,61,21,77,63,3,11,88,65.31,11.52,10.81,12.36,064,48,468,49.38,14.81,64.2,c. Menos de 5.001
01039,264,ARABA,1,Moreda de Álava/Moreda Araba,39,209,264,1,238,12,13,"0,38","90,15","4,55","4,92","4,92",26.09,50,"0,00",258,40,38,1,1,42,33,2,7,176,14.73,0.78,16.28,68.22,039,01,13,0.38,4.55,4.92,c. Menos de 5.001
48066,423,BIZKAIA,48,Morga,66,408,423,278,103,31,11,"65,72","24,35","7,33","2,60","73,05",91.36,100,"80,00",417,354,305,42,7,21,18,-,3,42,73.14,11.75,5.04,10.07,066,48,309,65.72,7.33,73.05,c. Menos de 5.001
48068,1851,BIZKAIA,48,Mundaka,68,1.862,1.851,622,799,405,25,"33,60","43,17","21,88","1,35","55,48",80.52,100,"100,00",1.813,1.272,1.103,135,34,227,129,50,48,314,60.84,9.32,12.52,17.32,068,48,1027,33.6,21.88,55.48,c. Menos de 5.001
48069,17151,BIZKAIA,48,Mungia,69,17.701,17.151,3736,10209,2717,489,"21,78","59,52","15,84","2,85","37,62",66.81,100,"73,30",16.679,9.35,7.99,970,390,3.033,2.126,403,504,4.296,47.9,8.15,18.18,25.76,069,48,6453,21.78,15.84,37.62,a. Más de 10.000
48007,473,BIZKAIA,48,Munitibar-Arbatzegi Gerrikaitz,7,484,473,306,114,49,4,"64,69","24,10","10,36","0,85","75,05",95.09,75,"75,00",462,403,342,48,13,23,16,3,4,36,74.03,13.2,4.98,7.79,007,48,355,64.69,10.36,75.05,c. Menos de 5.001
48908,302,BIZKAIA,48,Murueta,908,323,302,175,82,41,4,"57,95","27,15","13,58","1,32","71,52",87.03,50,"50,00",291,247,207,30,10,18,14,2,2,26,71.13,13.75,6.19,8.93,908,48,216,57.95,13.58,71.52,c. Menos de 5.001
48071,7430,BIZKAIA,48,Muskiz,71,7.438,7.43,149,6650,511,120,"2,01","89,50","6,88","1,62","8,88",34.77,41.3,"41,20",7.249,2.204,1.894,186,124,1.614,1.179,182,253,3.431,26.13,4.28,22.27,47.33,071,48,660,2.01,6.88,8.88,b. De 5.001 a 10.000
20057,243,GIPUZKOA,20,Mutiloa,57,256,243,137,55,50,1,"56,38","22,63","20,58","0,41","76,95",89.21,100,"100,00",236,201,170,22,9,17,12,3,2,18,72.03,13.14,7.2,7.63,057,20,187,56.38,20.58,76.95,c. Menos de 5.001
20056,5357,GIPUZKOA,20,Mutriku,56,5.284,5.357,2854,1380,970,153,"53,28","25,76","18,11","2,86","71,38",88.4,79.4,"90,30",5.207,4.222,3.505,578,139,385,234,102,49,600,67.31,13.77,7.39,11.52,056,20,3824,53.28,18.11,71.38,b. De 5.001 a 10.000
48067,1429,BIZKAIA,48,Muxika,67,1.475,1.429,893,367,155,14,"62,49","25,68","10,85","0,98","73,34",90.74,100,"75,00",1.395,1.188,1.029,127,32,100,81,11,8,107,73.76,11.4,7.17,7.67,067,48,1048,62.49,10.85,73.34,c. Menos de 5.001
48909,256,BIZKAIA,48,Nabarniz,909,267,256,186,49,17,4,"72,66","19,14","6,64","1,56","79,30",92.92,100,"100,00",248,216,186,23,7,25,9,8,8,7,75,12.1,10.08,2.82,909,48,203,72.66,6.64,79.3,c. Menos de 5.001
01041,256,ARABA,1,Navaridas,41,197,256,0,210,10,36,"0,00","82,03","3,91","14,06","3,91",25.11,33.3,"33,30",252,44,39,4,1,29,22,7,-,179,15.48,1.98,11.51,71.03,041,01,10,0,3.91,3.91,c. Menos de 5.001
20063,10256,GIPUZKOA,20,Oiartzun,63,10.291,10.256,4872,3569,1656,159,"47,50","34,80","16,15","1,55","63,65",80.47,100,"89,30",9.992,7.619,6.644,767,208,1.117,729,219,169,1.256,66.49,9.76,11.18,12.57,063,20,6528,47.5,16.15,63.65,a. Más de 10.000
01042,1160,ARABA,1,Okondo,42,1.196,1.16,43,991,97,29,"3,71","85,43","8,36","2,50","12,07",40.67,44.4,"25,00",1.126,401,350,34,17,244,189,28,27,481,31.08,4.53,21.67,42.72,042,01,140,3.71,8.36,12.07,c. Menos de 5.001
20058,939,GIPUZKOA,20,Olaberria,58,938,939,291,502,124,22,"30,99","53,46","13,21","2,34","44,20",62.25,100,"71,40",924,536,470,51,15,132,80,21,31,256,50.87,7.14,14.29,27.71,058,20,415,30.99,13.21,44.2,c. Menos de 5.001
48073,8593,BIZKAIA,48,Ondarroa,73,8.326,8.593,5466,2238,600,289,"63,61","26,04","6,98","3,36","70,59",86.73,100,"96,10",8.432,6.62,5.754,724,142,765,580,96,89,1.047,68.24,10.27,9.07,12.42,073,48,6066,63.61,6.98,70.59,b. De 5.001 a 10.000
20059,11309,GIPUZKOA,20,Oñati,59,11.428,11.309,5607,3454,2003,245,"49,58","30,54","17,71","2,17","67,29",83.17,100,"88,90",10.964,8.542,7.103,1.058,381,934,585,225,124,1.488,64.78,13.12,8.52,13.57,059,20,7610,49.58,17.71,67.29,a. Más de 10.000
20076,9577,GIPUZKOA,20,Ordizia,76,10.42,9.577,2963,4649,1469,496,"30,94","48,54","15,34","5,18","46,28",68.62,93.1,"76,80",9.28,5.638,4.901,553,184,1.368,858,242,268,2.274,52.81,7.94,14.74,24.5,076,20,4432,30.94,15.34,46.28,b. De 5.001 a 10.000
20905,202,GIPUZKOA,20,Orendain,905,230,202,138,35,23,6,"68,32","17,33","11,39","2,97","79,70",93.52,100,"75,00",194,172,150,15,7,11,7,3,1,11,77.32,11.34,5.67,5.67,905,20,161,68.32,11.39,79.7,c. Menos de 5.001
20060,116,GIPUZKOA,20,Orexa,60,117,116,100,11,4,1,"86,21","9,48","3,45","0,86","89,66",95.5,100,"100,00",112,106,89,12,5,4,2,1,1,2,79.46,15.18,3.57,1.79,060,20,104,86.21,3.45,89.66,c. Menos de 5.001
20061,5916,GIPUZKOA,20,Orio,61,6.096,5.916,2913,1786,1022,195,"49,24","30,19","17,28","3,30","66,51",84.56,92.6,"61,50",5.737,4.399,3.668,537,194,526,333,125,68,812,63.94,12.74,9.17,14.15,061,20,3935,49.24,17.28,66.51,b. De 5.001 a 10.000
20062,1301,GIPUZKOA,20,Ormaiztegi,62,1.248,1.301,590,427,232,52,"45,35","32,82","17,83","4,00","63,18",81.51,100,"100,00",1.262,932,793,98,41,137,84,36,17,193,62.84,11.01,10.86,15.29,062,20,822,45.35,17.83,63.18,c. Menos de 5.001
48075,2689,BIZKAIA,48,Orozko,75,2.658,2.689,549,1502,578,60,"20,42","55,86","21,49","2,23","41,91",70.14,83.3,"50,00",2.614,1.609,1.382,159,68,436,317,53,66,569,52.87,8.68,16.68,21.77,075,48,1127,20.42,21.49,41.91,c. Menos de 5.001
48083,8359,BIZKAIA,48,Ortuella,83,8.379,8.359,153,7544,534,128,"1,83","90,25","6,39","1,53","8,22",30.75,39.1,"28,60",8.191,2.304,1.998,186,120,1.788,1.216,252,320,4.099,24.39,3.74,21.83,50.04,083,48,687,1.83,6.39,8.22,b. De 5.001 a 10.000
48072,1286,BIZKAIA,48,Otxandio,72,1.359,1.286,485,514,249,38,"37,71","39,97","19,36","2,95","57,08",78.14,100,"75,00",1.239,887,757,99,31,153,107,14,32,199,61.1,10.49,12.35,16.06,072,48,734,37.71,19.36,57.08,c. Menos de 5.001
01043,3406,ARABA,1,Oyón-Oion,43,3.418,3.406,44,2920,160,282,"1,29","85,73","4,70","8,28","5,99",31.54,27.3,"18,20",3.291,634,499,81,54,635,466,70,99,2.022,15.16,4.1,19.3,61.44,043,01,204,1.29,4.7,5.99,c. Menos de 5.001
20064,16629,GIPUZKOA,20,Pasaia,64,15.867,16.629,2099,11801,2161,568,"12,62","70,97","13,00","3,42","25,62",49.95,75,"77,40",16.235,7.008,6.053,635,320,3.298,2.007,609,682,5.929,37.28,5.88,20.31,36.52,064,20,4260,12.62,13,25.62,a. Más de 10.000
01044,281,ARABA,1,Peñacerrada-Urizaharra,44,299,281,6,259,13,3,"2,14","92,17","4,63","1,07","6,76",25.1,0,"0,00",276,55,51,3,1,42,28,5,9,179,18.48,1.45,15.22,64.86,044,01,19,2.14,4.63,6.76,c. Menos de 5.001
48077,4425,BIZKAIA,48,Plentzia,77,4.414,4.425,311,3515,514,85,"7,03","79,44","11,62","1,92","18,64",50.85,50,"43,50",4.325,1.861,1.628,151,82,965,664,123,178,1.499,37.64,5.39,22.31,34.66,077,48,825,7.03,11.62,18.64,c. Menos de 5.001
48078,46288,BIZKAIA,48,Portugalete,78,45.285,46.288,869,42058,2613,748,"1,88","90,86","5,65","1,62","7,52",31.02,33.3,"32,80",45.43,11.815,10.303,894,618,9.214,6.244,1.135,1.835,24.401,22.68,3.33,20.28,53.71,078,48,3482,1.88,5.65,7.52,a. Más de 10.000
01047,1502,ARABA,1,Ribera Baja/Erribera Beitia,47,1.421,1.502,14,1331,68,89,"0,93","88,62","4,53","5,93","5,46",34.05,0,"0,00",1.472,302,241,42,19,426,309,35,82,744,16.37,4.14,28.94,50.54,047,01,82,0.93,4.53,5.46,c. Menos de 5.001
01052,284,ARABA,1,Samaniego,52,308,284,9,248,14,13,"3,17","87,32","4,93","4,58","8,10",34.92,0,"50,00",281,81,72,4,5,68,42,7,19,132,25.62,3.2,24.2,46.98,052,01,23,3.17,4.93,8.1,c. Menos de 5.001
01053,730,ARABA,1,San Millán/Donemiliaga,53,716,730,23,649,46,12,"3,15","88,90","6,30","1,64","9,45",31.72,50,"33,30",718,228,203,19,6,109,75,16,18,381,28.27,3.48,15.18,53.06,053,01,69,3.15,6.3,9.45,c. Menos de 5.001
48082,45512,BIZKAIA,48,Santurtzi,82,46.085,45.512,791,41358,2562,801,"1,74","90,87","5,63","1,76","7,37",31.07,43.9,"43,70",44.539,11.66,10.015,981,664,9.537,6.579,1.117,1.841,23.342,22.49,3.69,21.41,52.41,082,48,3353,1.74,5.63,7.37,a. Más de 10.000
20070,1484,GIPUZKOA,20,Segura,70,1.461,1.484,989,296,124,75,"66,64","19,95","8,36","5,05","75,00",87.55,100,"100,00",1.433,1.199,1.057,100,42,109,70,18,21,125,73.76,9.91,7.61,8.72,070,20,1113,66.64,8.36,75,c. Menos de 5.001
48084,27217,BIZKAIA,48,Sestao,84,27.342,27.217,418,24691,1462,646,"1,54","90,72","5,37","2,37","6,91",29.05,31.9,"28,40",26.608,6.471,5.561,552,358,5.367,3.671,652,1.044,14.77,20.9,3.42,20.17,55.51,084,48,1880,1.54,5.37,6.91,a. Más de 10.000
48904,4431,BIZKAIA,48,Sondika,904,4.555,4.431,373,3364,616,78,"8,42","75,92","13,90","1,76","22,32",51.51,100,"70,60",4.338,1.898,1.641,179,78,921,647,125,149,1.519,37.83,5.92,21.23,35.02,904,48,989,8.42,13.9,22.32,c. Menos de 5.001
48085,12704,BIZKAIA,48,Sopelana,85,14.276,12.704,1111,9604,1771,218,"8,75","75,60","13,94","1,72","22,69",53.48,59.8,"68,10",12.318,5.769,4.961,536,272,2.971,2.037,407,527,3.578,40.27,6.56,24.12,29.05,085,48,2882,8.75,13.94,22.69,a. Más de 10.000
48086,2618,BIZKAIA,48,Sopuerta,86,2.638,2.618,57,2347,169,45,"2,18","89,65","6,46","1,72","8,63",29.89,30.8,"54,50",2.545,743,643,54,46,546,395,60,91,1.256,25.27,3.93,21.45,49.35,086,48,226,2.18,6.46,8.63,c. Menos de 5.001
20065,3830,GIPUZKOA,20,Soraluze-Placencia de las Armas,65,3.903,3.83,1124,2000,556,150,"29,35","52,22","14,52","3,92","43,86",68.09,100,"80,80",3.726,2.213,1.878,247,88,573,324,128,121,940,50.4,8.99,15.38,25.23,065,20,1680,29.35,14.52,43.86,c. Menos de 5.001
48076,360,BIZKAIA,48,Sukarrieta,76,347,360,110,185,56,9,"30,56","51,39","15,56","2,50","46,11",72.87,66.7,"33,30",357,235,203,25,7,61,39,12,10,61,56.86,8.96,17.09,17.09,076,48,166,30.56,15.56,46.11,c. Menos de 5.001
20071,19213,GIPUZKOA,20,Tolosa,71,19.795,19.213,7670,7424,3543,576,"39,92","38,64","18,44","3,00","58,36",75.05,91,"76,10",18.707,13.271,11.185,1.658,428,2.037,1.144,576,317,3.399,59.79,11.15,10.89,18.17,071,20,11213,39.92,18.44,58.36,a. Más de 10.000
48087,515,BIZKAIA,48,Trucios-Turtzioz,87,502,515,5,477,25,8,"0,97","92,62","4,85","1,55","5,83",25.7,0,"25,00",505,107,86,12,9,108,70,19,19,290,17.03,4.16,21.39,57.43,087,48,30,0.97,4.85,5.83,c. Menos de 5.001
48088,176,BIZKAIA,48,Ubide,88,162,176,49,80,39,8,"27,84","45,45","22,16","4,55","50,00",74.67,100,"50,00",174,114,97,13,4,24,21,2,1,36,55.75,9.77,13.79,20.69,088,48,88,27.84,22.16,50,c. Menos de 5.001
48065,4084,BIZKAIA,48,Ugao-Miraballes,65,4.114,4.084,356,3095,549,84,"8,72","75,78","13,44","2,06","22,16",48.82,68.2,"63,60",3.975,1.725,1.499,153,73,812,531,130,151,1.438,37.71,5.69,20.43,36.18,065,48,905,8.72,13.44,22.16,c. Menos de 5.001
48089,4210,BIZKAIA,48,Urduliz,89,5.034,4.21,614,2953,572,71,"14,58","70,14","13,59","1,69","28,17",56.92,72.2,"53,30",4.053,2.061,1.762,193,106,921,660,96,165,1.071,43.47,7.38,22.72,26.42,089,48,1186,14.58,13.59,28.17,c. Menos de 5.001
48074,4113,BIZKAIA,48,Urduña/Orduña,74,4.199,4.113,100,3654,275,84,"2,43","88,84","6,69","2,04","9,12",35.57,77.8,"64,70",3.993,1.171,1.011,90,70,886,615,106,165,1.936,25.32,4.01,22.19,48.48,074,48,375,2.43,6.69,9.12,c. Menos de 5.001
01054,1364,ARABA,1,Urkabustaiz,54,1.414,1.364,63,1101,138,62,"4,62","80,72","10,12","4,55","14,74",40.94,40,"40,00",1.308,495,434,37,24,273,207,36,30,540,33.18,4.66,20.87,41.28,054,01,201,4.62,10.12,14.74,c. Menos de 5.001
20072,6177,GIPUZKOA,20,Urnieta,72,6.197,6.177,1634,3445,961,137,"26,45","55,77","15,56","2,22","42,01",63.41,90.6,"76,70",6.031,3.642,3.172,321,149,1.026,573,198,255,1.363,52.59,7.79,17.01,22.6,072,20,2595,26.45,15.56,42.01,b. De 5.001 a 10.000
20077,6842,GIPUZKOA,20,Urretxu,77,6.773,6.842,1897,3627,1165,153,"27,73","53,01","17,03","2,24","44,75",64.75,80.6,"77,10",6.71,4.024,3.501,372,151,1.134,671,212,251,1.552,52.18,7.79,16.9,23.13,077,20,3062,27.73,17.03,44.75,b. De 5.001 a 10.000
20073,6170,GIPUZKOA,20,Usurbil,73,6.132,6.17,2700,2369,965,136,"43,76","38,40","15,64","2,20","59,40",78.07,100,"91,80",6.003,4.353,3.738,478,137,668,435,116,117,982,62.27,10.24,11.13,16.36,073,20,3665,43.76,15.64,59.4,b. De 5.001 a 10.000
01055,1039,ARABA,1,Valdegovía/Gaubea,55,1.049,1.039,18,948,43,30,"1,73","91,24","4,14","2,89","5,87",25.57,25,"0,00",1.024,198,176,15,7,172,118,17,37,654,17.19,2.15,16.8,63.87,055,01,61,1.73,4.14,5.87,c. Menos de 5.001
48080,11861,BIZKAIA,48,Valle de Trápaga-Trapagaran,80,11.911,11.861,200,10758,763,140,"1,69","90,70","6,43","1,18","8,12",31.84,37.5,"50,00",11.661,3.452,3.028,254,170,2.332,1.598,290,444,5.877,25.97,3.64,20,50.4,080,48,963,1.69,6.43,8.12,a. Más de 10.000
20075,5756,GIPUZKOA,20,Villabona,75,5.864,5.756,2440,2293,791,232,"42,39","39,84","13,74","4,03","56,13",75.09,94.6,"89,50",5.6,3.79,3.116,551,123,713,492,103,118,1.097,55.64,12.04,12.73,19.59,075,20,3231,42.39,13.74,56.13,b. De 5.001 a 10.000
01057,304,ARABA,1,Villabuena de Álava/Eskuernaga,57,287,304,6,268,13,17,"1,97","88,16","4,28","5,59","6,25",27.6,0,"33,30",300,71,61,7,3,51,27,11,13,178,20.33,3.33,17,59.33,057,01,19,1.97,4.28,6.25,c. Menos de 5.001
01059,242870,ARABA,1,Vitoria-Gasteiz,59,253.093,242.87,5945,210671,15128,11126,"2,45","86,74","6,23","4,58","8,68",36,36.5,"42,90",235.839,64.347,55.556,5.9,2.891,46.364,32.043,5.997,8.324,125.128,23.56,3.73,19.66,53.06,059,01,21073,2.45,6.23,8.68,a. Más de 10.000
01060,270,ARABA,1,Yécora/Iekora,60,266,270,2,244,5,19,"0,74","90,37","1,85","7,04","2,59",24.75,25,"0,00",264,41,33,5,3,42,24,5,13,181,12.5,3.03,15.91,68.56,060,01,7,0.74,1.85,2.59,c. Menos de 5.001
48095,3060,BIZKAIA,48,Zaldibar,95,3.038,3.06,611,1908,464,77,"19,97","62,35","15,16","2,52","35,13",59.14,85.7,"71,40",2.959,1.56,1.317,178,65,547,381,64,102,852,44.51,8.21,18.49,28.79,095,48,1075,19.97,15.16,35.13,c. Menos de 5.001
20078,1582,GIPUZKOA,20,Zaldibia,78,1.636,1.582,1068,337,103,74,"67,51","21,30","6,51","4,68","74,02",88.84,100,"100,00",1.524,1.231,1.003,178,50,119,75,24,20,174,65.81,14.96,7.81,11.42,078,20,1171,67.51,6.51,74.02,c. Menos de 5.001
01061,202,ARABA,1,Zalduondo,61,192,202,17,150,34,1,"8,42","74,26","16,83","0,50","25,25",43.15,50,"100,00",196,83,80,1,2,36,22,9,5,77,40.82,1.53,18.37,39.29,061,01,51,8.42,16.83,25.25,c. Menos de 5.001
48096,8367,BIZKAIA,48,Zalla,96,8.416,8.367,182,7320,606,259,"2,18","87,49","7,24","3,10","9,42",33.22,45.3,"37,30",8.14,2.506,2.183,195,128,1.615,1.111,194,310,4.019,26.82,3.97,19.84,49.37,096,48,788,2.18,7.24,9.42,b. De 5.001 a 10.000
01062,407,ARABA,1,Zambrana,62,432,407,4,368,12,23,"0,98","90,42","2,95","5,65","3,93",21.81,33.3,"33,30",398,70,58,6,6,55,39,5,11,273,14.57,3.02,13.82,68.59,062,01,16,0.98,2.95,3.93,c. Menos de 5.001
48905,3144,BIZKAIA,48,Zamudio,905,3.277,3.144,569,2033,457,85,"18,10","64,66","14,54","2,70","32,63",59.56,78.3,"54,50",3.078,1.513,1.297,161,55,634,459,85,90,931,42.14,7.02,20.6,30.25,905,48,1026,18.1,14.54,32.63,c. Menos de 5.001
48097,1628,BIZKAIA,48,Zaratamo,97,1.647,1.628,168,1218,214,28,"10,32","74,82","13,14","1,72","23,46",50.73,64.3,"28,60",1.596,692,595,61,36,310,232,36,42,594,37.28,6.08,19.42,37.22,097,48,382,10.32,13.14,23.46,c. Menos de 5.001
20079,23039,GIPUZKOA,20,Zarautz,79,23.271,23.039,9375,9103,4060,501,"40,69","39,51","17,62","2,17","58,31",78.48,92.3,"80,40",22.501,16.683,14.512,1.647,524,2.468,1.584,386,498,3.35,64.49,9.65,10.97,14.89,079,20,13435,40.69,17.62,58.31,a. Más de 10.000
48024,1236,BIZKAIA,48,Zeanuri,24,1.248,1.236,735,365,117,19,"59,47","29,53","9,47","1,54","68,93",86.71,100,"100,00",1.21,972,845,105,22,101,78,14,9,137,69.83,10.5,8.35,11.32,024,48,852,59.47,9.47,68.93,c. Menos de 5.001
48025,1069,BIZKAIA,48,Zeberio,25,1.088,1.069,397,460,201,11,"37,14","43,03","18,80","1,03","55,94",81.71,100,"50,00",1.04,762,641,99,22,132,98,17,17,146,61.63,11.63,12.69,14.04,025,48,598,37.14,18.8,55.94,c. Menos de 5.001
20025,1540,GIPUZKOA,20,Zegama,25,1.55,1.54,890,354,242,54,"57,79","22,99","15,71","3,51","73,51",88.55,100,"100,00",1.475,1.228,1.016,163,49,93,61,18,14,154,68.88,14.37,6.31,10.44,025,20,1132,57.79,15.71,73.51,c. Menos de 5.001
20026,253,GIPUZKOA,20,Zerain,26,282,253,221,22,5,5,"87,35","8,70","1,98","1,98","89,33",94.12,100,"100,00",243,226,171,47,8,10,6,2,2,7,70.37,22.63,4.12,2.88,026,20,226,87.35,1.98,89.33,c. Menos de 5.001
20027,3730,GIPUZKOA,20,Zestoa,27,3.769,3.73,2513,809,263,145,"67,37","21,69","7,05","3,89","74,42",88.49,100,"92,60",3.601,2.934,2.623,225,86,251,171,44,36,416,72.84,8.64,6.97,11.55,027,20,2776,67.37,7.05,74.42,c. Menos de 5.001
48913,1499,BIZKAIA,48,Zierbena,913,1.516,1.499,29,1338,113,19,"1,93","89,26","7,54","1,27","9,47",35,53.3,"40,00",1.469,458,389,37,32,306,228,35,43,705,26.48,4.7,20.83,47.99,913,48,142,1.93,7.54,9.47,c. Menos de 5.001
01018,1798,ARABA,1,Zigoitia,18,1.802,1.798,93,1478,175,52,"5,17","82,20","9,73","2,89","14,91",40.05,62.5,"62,50",1.748,640,569,57,14,369,251,60,58,739,32.55,4.06,21.11,42.28,018,01,268,5.17,9.73,14.91,c. Menos de 5.001
48915,453,BIZKAIA,48,Ziortza-Bolibar,915,411,453,346,66,36,5,"76,38","14,57","7,95","1,10","84,33",94.39,100,"100,00",438,385,324,47,14,31,27,2,2,22,73.97,13.93,7.08,5.02,915,48,382,76.38,7.95,84.33,c. Menos de 5.001
20028,2927,GIPUZKOA,20,Zizurkil,28,3.001,2.927,1215,1184,425,103,"41,51","40,45","14,52","3,52","56,03",73.06,100,"73,90",2.839,1.905,1.589,264,52,314,216,36,62,620,55.97,11.13,11.06,21.84,028,20,1640,41.51,14.52,56.03,c. Menos de 5.001
01063,2347,ARABA,1,Zuia,63,2.318,2.347,96,1972,227,52,"4,09","84,02","9,67","2,22","13,76",40.11,36.4,"44,40",2.316,889,817,49,23,476,350,67,59,951,35.28,3.11,20.55,41.06,063,01,323,4.09,9.67,13.76,c. Menos de 5.001
20081,9869,GIPUZKOA,20,Zumaia,81,10.124,9.869,4488,3533,1589,259,"45,48","35,80","16,10","2,62","61,58",79.59,100,"94,50",9.541,7.042,6.045,749,248,1.008,641,191,176,1.491,63.36,10.45,10.56,15.63,081,20,6077,45.48,16.1,61.58,b. De 5.001 a 10.000
20080,9751,GIPUZKOA,20,Zumarraga,80,9.668,9.751,1702,6209,1596,244,"17,45","63,68","16,37","2,50","33,82",54.88,65.7,"74,60",9.526,4.864,4.231,459,174,1.592,960,263,369,3.07,44.42,6.64,16.71,32.23,080,20,3298,17.45,16.37,33.82,b. De 5.001 a 10.000